video,width,height,fps,frames
13.mp4,1280,720,30.0,261
2.mp4,1280,720,30.0,424
3.mp4,1280,720,30.0,578
9.mp4,1280,720,30.0,486
5.mp4,320,240,30.0,328
0.mp4,486,360,30.0,152
5.mp4,486,360,30.0,552
8.mp4,480,270,30.0,497
0.mp4,1280,720,30.0,205
4.mp4,1280,720,30.0,277
8.mp4,1280,720,30.0,323
3.mp4,480,270,30.0,678
7.mp4,480,360,30.0,337
0.mp4,1280,720,30.0,329
2.mp4,1280,720,30.0,818
0.mp4,320,240,30.0,615
1.mp4,320,240,30.0,589
2.mp4,320,240,30.0,586
6.mp4,320,240,30.0,388
1.mp4,640,360,30.0,345
13.mp4,640,360,30.0,207
16.mp4,640,360,30.0,213
17.mp4,640,360,30.0,417
18.mp4,640,360,30.0,400
20.mp4,640,360,30.0,440
26.mp4,640,360,30.0,344
6.mp4,640,360,30.0,241
9.mp4,640,360,30.0,302
2.mp4,360,360,30.0,474
6.mp4,1280,720,23.976,274
7.mp4,1280,720,23.976,220
2.mp4,1280,720,30.0,244
5.mp4,1280,720,30.0,343
6.mp4,1280,720,30.0,202
9.mp4,1280,720,30.0,343
1.mp4,640,360,30.0,320
3.mp4,640,360,30.0,276
3.mp4,1280,720,29.97,174
6.mp4,1280,720,29.97,223
7.mp4,1280,720,29.97,172
8.mp4,1280,720,29.97,258
9.mp4,1280,720,29.97,214
5.mp4,470,360,30.0,233
6.mp4,470,360,30.0,681
0.mp4,470,360,30.0,279
13.mp4,470,360,30.0,221
7.mp4,470,360,30.0,520
1.mp4,1280,720,29.97,197
2.mp4,1280,720,29.97,203
6.mp4,1280,720,29.97,79
8.mp4,1280,720,29.97,259
9.mp4,1280,720,29.97,298
0.mp4,1280,720,30.0,194
1.mp4,1280,720,25.0,227
2.mp4,1280,720,25.0,242
6.mp4,360,360,30.0,290
11.mp4,1280,720,30.0,348
2.mp4,1280,720,30.0,186
8.mp4,1280,720,30.0,349
0.mp4,1280,720,23.976,79
2.mp4,1280,720,23.976,166
5.mp4,1280,720,23.976,142
0.mp4,1280,720,30.0,204
1.mp4,1280,720,30.0,324
4.mp4,1280,720,30.0,183
5.mp4,1280,720,30.0,404
6.mp4,1280,720,30.0,195
7.mp4,1280,720,30.0,382
8.mp4,1280,720,30.0,197
2.mp4,480,270,30.0,240
7.mp4,480,270,30.0,558
3.mp4,1280,720,30.0,271
12.mp4,640,360,30.0,563
2.mp4,640,360,30.0,139
6.mp4,640,360,30.0,331
10.mp4,480,270,30.0,351
11.mp4,480,270,30.0,240
12.mp4,480,270,30.0,561
16.mp4,480,270,30.0,397
18.mp4,480,270,30.0,428
10.mp4,470,360,30.0,377
4.mp4,470,360,30.0,186
0.mp4,470,360,30.0,234
0.mp4,1280,720,30.0,109
1.mp4,1280,720,30.0,402
3.mp4,1280,720,30.0,319
6.mp4,1280,720,30.0,454
4.mp4,480,270,30.0,428
4.mp4,480,360,30.0,351
7.mp4,480,360,30.0,219
0.mp4,1280,720,30.0,100
1.mp4,1280,720,30.0,273
2.mp4,1280,720,30.0,355
3.mp4,1280,720,30.0,334
5.mp4,1280,720,30.0,296
7.mp4,1280,720,30.0,283
9.mp4,1280,720,30.0,293
1.mp4,1280,720,30.0,1034
5.mp4,1280,720,30.0,408
6.mp4,1280,720,30.0,462
